{"stats":{"minecraft:custom":{"minecraft:jump":137,"minecraft:time_since_rest":3148,"minecraft:damage_taken":20,"minecraft:crouch_one_cm":137,"minecraft:leave_game":2,"minecraft:play_time":3148,"minecraft:sprint_one_cm":10437,"minecraft:time_since_death":3148,"minecraft:walk_on_water_one_cm":162,"minecraft:walk_one_cm":5196,"minecraft:sneak_time":22,"minecraft:total_world_time":3148,"minecraft:walk_under_water_one_cm":199,"minecraft:swim_one_cm":2171,"minecraft:talked_to_villager":1,"minecraft:fall_one_cm":2192,"minecraft:fly_one_cm":17700}},"DataVersion":3839}