{"stats":{"minecraft:picked_up":{"minecraft:tipped_arrow":1,"minecraft:item_frame":1,"minecraft:arrow":1,"minecraft:cooked_porkchop":1,"minecraft:salmon":1,"minecraft:wheat_seeds":1,"minecraft:chainmail_leggings":1,"minecraft:book":1},"minecraft:dropped":{"minecraft:item_frame":1},"minecraft:custom":{"minecraft:jump":12,"minecraft:time_since_rest":1955,"minecraft:leave_game":1,"minecraft:crouch_one_cm":39,"minecraft:sprint_one_cm":2213,"minecraft:play_time":1955,"minecraft:time_since_death":1955,"minecraft:walk_one_cm":5239,"minecraft:sneak_time":4,"minecraft:total_world_time":1955,"minecraft:fly_one_cm":4099,"minecraft:drop":1}},"DataVersion":3839}